Entity,Code,Date,"Deaths, 2020, all ages","Average deaths, 2015â€“2019, all ages",deaths_2015_all_ages,deaths_2016_all_ages,deaths_2017_all_ages,deaths_2018_all_ages,deaths_2019_all_ages
Austria,AUT,2020-01-05,1611,1809,1704,1634,2293,1767,1647
Austria,AUT,2020-01-12,1702,1857,1768,1626,2340,1842,1709
Austria,AUT,2020-01-19,1797,1786,1837,1608,2060,1786,1641
Austria,AUT,2020-01-26,1779,1747,1792,1578,1938,1714,1713
Austria,AUT,2020-02-02,1947,1819,1837,1609,2045,1870,1732
Austria,AUT,2020-02-09,1680,1837,1926,1650,1874,1938,1796
Austria,AUT,2020-02-16,1721,1813,1992,1621,1750,1881,1820
Austria,AUT,2020-02-23,1718,1822,2020,1581,1807,1951,1751
Austria,AUT,2020-03-01,1768,1816,1883,1714,1696,2021,1764
Austria,AUT,2020-03-08,1744,1754,1846,1532,1614,1965,1811
Austria,AUT,2020-03-15,1718,1711,1763,1516,1542,1946,1790
Austria,AUT,2020-03-22,1836,1598,1696,1499,1535,1641,1619
Austria,AUT,2020-03-29,1764,1646,1725,1598,1489,1766,1651
Austria,AUT,2020-04-05,1828,1585,1604,1562,1537,1617,1607
Austria,AUT,2020-04-12,1793,1546,1563,1520,1532,1560,1556
Austria,AUT,2020-04-19,1704,1523,1614,1413,1475,1557,1558
Austria,AUT,2020-04-26,1588,1470,1547,1460,1440,1383,1521
Austria,AUT,2020-05-03,1480,1465,1453,1447,1527,1434,1462
Austria,AUT,2020-05-10,1520,1439,1452,1486,1434,1372,1453
Austria,AUT,2020-05-17,1489,1463,1461,1453,1501,1342,1558
Austria,AUT,2020-05-24,1481,1422,1396,1505,1327,1383,1497
Austria,AUT,2020-05-31,1415,1414,1304,1402,1456,1415,1495
Austria,AUT,2020-06-07,1490,1412,1437,1360,1312,1433,1520
Austria,AUT,2020-06-14,1461,1443,1502,1348,1421,1392,1554
Austria,AUT,2020-06-21,1413,1408,1285,1452,1476,1401,1424
Austria,AUT,2020-06-28,1437,1400,1374,1338,1419,1414,1454
Austria,AUT,2020-07-05,1559,1435,1487,1328,1413,1441,1507
Austria,AUT,2020-07-12,1383,1377,1476,1323,1346,1404,1338
Austria,AUT,2020-07-19,1443,1470,1475,1458,1475,1511,1430
Austria,AUT,2020-07-26,1452,1489,1633,1424,1375,1455,1557
Austria,AUT,2020-08-02,1525,1505,1446,1390,1616,1615,1457
Austria,AUT,2020-08-09,1431,1426,1500,1359,1334,1532,1406
Austria,AUT,2020-08-16,1605,1461,1692,1394,1380,1430,1407
Austria,AUT,2020-08-23,1476,1434,1376,1408,1472,1460,1453
Austria,AUT,2020-08-30,1497,1427,1476,1414,1329,1414,1501
Austria,AUT,2020-09-06,1518,1377,1389,1380,1318,1376,1423
Austria,AUT,2020-09-13,1561,1425,1447,1392,1426,1452,1407
Austria,AUT,2020-09-20,1559,1423,1459,1376,1407,1421,1452
Austria,AUT,2020-09-27,1523,1472,1410,1442,1496,1436,1574
Austria,AUT,2020-10-04,1575,1510,1494,1469,1481,1553,1555
Belgium,BEL,2020-01-05,2226,2390,2461,2244,2557,2382,2308
Belgium,BEL,2020-01-12,2381,2432,2525,2234,2735,2317,2347
Belgium,BEL,2020-01-19,2306,2423,2526,2295,2645,2336,2312
Belgium,BEL,2020-01-26,2197,2422,2510,2263,2691,2253,2395
Belgium,BEL,2020-02-02,2355,2510,2644,2180,2950,2355,2421
Belgium,BEL,2020-02-09,2162,2488,2727,2127,2691,2353,2544
Belgium,BEL,2020-02-16,2302,2524,2892,2121,2631,2565,2409
Belgium,BEL,2020-02-23,2293,2488,2774,2230,2389,2628,2418
Belgium,BEL,2020-03-01,2237,2545,2643,2336,2315,3002,2428
Belgium,BEL,2020-03-08,2212,2453,2457,2264,2138,3016,2389
Belgium,BEL,2020-03-15,2223,2345,2380,2248,2036,2724,2335
Belgium,BEL,2020-03-22,2547,2322,2380,2364,2106,2594,2167
Belgium,BEL,2020-03-29,3186,2227,2270,2273,2068,2460,2063
Belgium,BEL,2020-04-05,4019,2120,2163,2080,1969,2203,2183
Belgium,BEL,2020-04-12,4282,2095,2218,2160,1954,2175,1969
Belgium,BEL,2020-04-19,3699,2051,2152,2049,1917,2044,2095
Belgium,BEL,2020-04-26,3031,2032,2087,1996,2079,1953,2046
Belgium,BEL,2020-05-03,2411,2012,2005,2087,2091,1867,2011
Belgium,BEL,2020-05-10,2380,2030,2063,2065,2009,1980,2034
Belgium,BEL,2020-05-17,2038,1981,1976,1926,2110,1860,2034
Belgium,BEL,2020-05-24,2070,1970,1950,1946,2009,1951,1995
Belgium,BEL,2020-05-31,1975,1931,1905,1885,1981,1953,1933
Belgium,BEL,2020-06-07,1790,1878,1942,1856,1815,1811,1966
Belgium,BEL,2020-06-14,1892,1861,2003,1851,1868,1734,1847
Belgium,BEL,2020-06-21,1811,1923,1900,1920,2101,1779,1913
Belgium,BEL,2020-06-28,1957,1897,1888,1846,1821,1950,1980
Belgium,BEL,2020-07-05,1762,2023,2301,1899,1901,2080,1935
Belgium,BEL,2020-07-12,1675,1862,1908,1933,1847,1833,1788
Belgium,BEL,2020-07-19,1842,1905,1797,2030,1827,1988,1882
Belgium,BEL,2020-07-26,1800,1996,1740,1917,1897,2107,2318
Belgium,BEL,2020-08-02,1936,1885,1777,1801,1808,2125,1916
Belgium,BEL,2020-08-09,2027,1875,1997,1788,1826,2000,1766
Belgium,BEL,2020-08-16,2865,1855,1852,1976,1784,1887,1777
Belgium,BEL,2020-08-23,2189,1902,1755,2120,1951,1824,1859
Belgium,BEL,2020-08-30,1861,1908,1919,1866,1924,1825,2006
Belgium,BEL,2020-09-06,1869,1848,1775,1835,1883,1909,1838
Belgium,BEL,2020-09-13,1799,1864,1917,1938,1823,1811,1833
Belgium,BEL,2020-09-20,1976,1883,1844,1769,1908,1970,1923
Bulgaria,BGR,2020-01-05,2105,2585,2502,2445,3169,2274,2533
Bulgaria,BGR,2020-01-12,2273,2574,2511,2281,3222,2166,2692
Bulgaria,BGR,2020-01-19,2178,2529,2423,2276,2814,2374,2756
Bulgaria,BGR,2020-01-26,2389,2508,2339,2367,2627,2360,2848
Bulgaria,BGR,2020-02-02,2430,2461,2338,2304,2525,2564,2573
Bulgaria,BGR,2020-02-09,2344,2314,2296,2225,2347,2456,2245
Bulgaria,BGR,2020-02-16,2299,2295,2341,2100,2352,2380,2300
Bulgaria,BGR,2020-02-23,2158,2289,2538,2095,2312,2234,2264
Bulgaria,BGR,2020-03-01,2178,2280,2559,1959,2138,2471,2275
Bulgaria,BGR,2020-03-08,2043,2268,2472,2088,2230,2382,2166
Bulgaria,BGR,2020-03-15,2071,2204,2441,2100,2117,2239,2123
Bulgaria,BGR,2020-03-22,2034,2162,2363,2020,2115,2164,2148
Bulgaria,BGR,2020-03-29,2074,2144,2377,2106,2098,2057,2081
Bulgaria,BGR,2020-04-05,2034,2131,2266,2123,2079,2075,2114
Bulgaria,BGR,2020-04-12,2021,2075,2268,1927,2025,2061,2092
Bulgaria,BGR,2020-04-19,2013,2066,2243,1945,2116,1991,2036
Bulgaria,BGR,2020-04-26,1974,2053,2138,1964,2036,2076,2051
Bulgaria,BGR,2020-05-03,1890,2013,2163,2036,1952,1934,1980
Bulgaria,BGR,2020-05-10,1908,2029,2113,2044,1983,1887,2120
Bulgaria,BGR,2020-05-17,2080,1971,1987,1989,1977,1920,1980
Bulgaria,BGR,2020-05-24,1888,1973,1984,2006,1981,1897,1998
Bulgaria,BGR,2020-05-31,1797,1954,1839,1991,2055,1917,1967
Bulgaria,BGR,2020-06-07,1910,1919,1972,1784,1958,1951,1932
Bulgaria,BGR,2020-06-14,1938,1936,1986,2012,1912,1774,1994
Bulgaria,BGR,2020-06-21,1915,1962,1906,2145,1957,1776,2026
Bulgaria,BGR,2020-06-28,1896,1958,1839,1958,2291,1793,1908
Bulgaria,BGR,2020-07-05,2133,1899,1826,1806,2008,1900,1954
Bulgaria,BGR,2020-07-12,2038,1941,2031,1970,1920,1963,1820
Bulgaria,BGR,2020-07-19,1834,1872,1899,1824,1795,1975,1867
Bulgaria,BGR,2020-07-26,1975,1973,2105,1906,1914,1976,1963
Bulgaria,BGR,2020-08-02,2148,1962,2139,1970,1943,1902,1854
Bulgaria,BGR,2020-08-09,2051,1934,2003,1799,2059,1911,1896
Bulgaria,BGR,2020-08-16,1965,1860,1942,1810,1769,1860,1920
Bulgaria,BGR,2020-08-23,1896,1833,1787,1859,1761,1822,1936
Bulgaria,BGR,2020-08-30,1922,1820,1840,1765,1804,1828,1863
Bulgaria,BGR,2020-09-06,1933,1814,1975,1757,1762,1842,1734
Bulgaria,BGR,2020-09-13,1901,1818,1730,1821,1942,1845,1753
Bulgaria,BGR,2020-09-20,1834,1812,1888,1796,1702,1885,1791
Bulgaria,BGR,2020-09-27,1826,1804,1735,1866,1702,1892,1827
Chile,CHL,2020-01-05,2074,1932,,1884,1878,1946,2019
Chile,CHL,2020-01-12,2052,1843,,1885,1868,1804,1814
Chile,CHL,2020-01-19,2057,1893,,1916,2034,1804,1818
Chile,CHL,2020-01-26,1961,1910,,1837,2082,1776,1945
Chile,CHL,2020-02-02,1970,1914,,1912,1891,1895,1960
Chile,CHL,2020-02-09,1991,1836,,1718,1788,1817,2021
Chile,CHL,2020-02-16,1907,1833,,1760,1813,1885,1875
Chile,CHL,2020-02-23,1898,1880,,1813,1969,1809,1931
Chile,CHL,2020-03-01,1883,1782,,1756,1730,1782,1862
Chile,CHL,2020-03-08,1884,1788,,1753,1739,1870,1792
Chile,CHL,2020-03-15,1925,1795,,1771,1754,1789,1867
Chile,CHL,2020-03-22,2008,1806,,1758,1770,1819,1878
Chile,CHL,2020-03-29,2004,1841,,1757,1800,1961,1847
Chile,CHL,2020-04-05,2080,1886,,1789,1895,1903,1958
Chile,CHL,2020-04-12,2008,1951,,1945,1949,1939,1972
Chile,CHL,2020-04-19,2084,1909,,1889,1847,1920,1979
Chile,CHL,2020-04-26,2093,1984,,2018,1970,1917,2032
Chile,CHL,2020-05-03,2080,1980,,1882,1964,1976,2096
Chile,CHL,2020-05-10,2339,1956,,1965,1921,1864,2073
Chile,CHL,2020-05-17,2433,2037,,1953,2025,2024,2147
Chile,CHL,2020-05-24,2928,2177,,2044,2210,2088,2365
Chile,CHL,2020-05-31,3391,2208,,2021,2334,2123,2354
Chile,CHL,2020-06-07,3896,2310,,2175,2376,2368,2323
Chile,CHL,2020-06-14,3979,2415,,2161,2640,2431,2429
Chile,CHL,2020-06-21,3728,2426,,2339,2639,2247,2477
Chile,CHL,2020-06-28,3518,2441,,2375,2525,2359,2505
Chile,CHL,2020-07-05,3070,2390,,2381,2387,2334,2457
Chile,CHL,2020-07-12,2962,2361,,2483,2308,2276,2377
Chile,CHL,2020-07-19,2811,2425,,2526,2419,2334,2420
Chile,CHL,2020-07-26,2694,2370,,2301,2339,2496,2343
Chile,CHL,2020-08-02,2649,2344,,2232,2289,2514,2341
Chile,CHL,2020-08-09,2512,2278,,2201,2197,2448,2264
Chile,CHL,2020-08-16,2429,2245,,2203,2175,2306,2295
Chile,CHL,2020-08-23,2587,2223,,2144,2121,2388,2240
Chile,CHL,2020-08-30,2474,2155,,2115,2146,2178,2181
Chile,CHL,2020-09-06,2387,2213,,2328,2106,2238,2180
Chile,CHL,2020-09-13,2394,2154,,2086,2181,2140,2211
Chile,CHL,2020-09-20,2385,2214,,2156,2258,2217,2223
Chile,CHL,2020-09-27,2349,2123,,2072,2102,2046,2271
Croatia,HRV,2020-01-05,1012,1208,1177,1115,1465,1128,1154
Croatia,HRV,2020-01-12,1048,1258,1254,1032,1621,1165,1220
Croatia,HRV,2020-01-19,1028,1253,1276,1074,1475,1203,1238
Croatia,HRV,2020-01-26,1107,1234,1231,1114,1369,1137,1319
Croatia,HRV,2020-02-02,1092,1195,1215,1024,1304,1146,1286
Croatia,HRV,2020-02-09,1102,1160,1287,1063,1164,1154,1133
Croatia,HRV,2020-02-16,1064,1139,1306,989,1118,1157,1126
Croatia,HRV,2020-02-23,1057,1116,1301,980,1072,1134,1093
Croatia,HRV,2020-03-01,1011,1117,1239,987,1104,1225,1031
Croatia,HRV,2020-03-08,1041,1128,1215,1047,983,1266,1130
Croatia,HRV,2020-03-15,1092,1092,1208,1034,1035,1165,1018
Croatia,HRV,2020-03-22,1082,1064,1232,1008,1038,1072,970
Croatia,HRV,2020-03-29,1126,1038,1085,1086,969,1061,987
Croatia,HRV,2020-04-05,1014,1046,1137,1003,995,1065,1032
Croatia,HRV,2020-04-12,1009,996,1078,966,970,1007,958
Croatia,HRV,2020-04-19,979,963,1026,931,996,947,914
Croatia,HRV,2020-04-26,882,1013,1041,940,1025,1028,1033
Croatia,HRV,2020-05-03,922,970,1019,1005,999,878,947
Croatia,HRV,2020-05-10,851,948,1011,912,925,935,958
Croatia,HRV,2020-05-17,924,941,926,987,931,919,943
Croatia,HRV,2020-05-24,890,945,947,1003,894,930,952
Croatia,HRV,2020-05-31,882,929,855,963,984,950,893
Croatia,HRV,2020-06-07,924,950,998,903,906,917,1024
Croatia,HRV,2020-06-14,991,941,1000,906,857,901,1040
Croatia,HRV,2020-06-21,895,922,875,975,1004,845,909
Croatia,HRV,2020-06-28,902,913,880,906,933,884,960
Croatia,HRV,2020-07-05,998,952,996,874,973,985,930
Croatia,HRV,2020-07-12,915,949,1010,910,1010,947,870
Croatia,HRV,2020-07-19,887,955,1049,904,979,911,933
Croatia,HRV,2020-07-26,963,987,1230,942,863,916,985
Croatia,HRV,2020-08-02,1050,961,918,874,1106,1044,865
Croatia,HRV,2020-08-09,973,958,1040,804,1022,1030,892
Croatia,HRV,2020-08-16,931,937,1066,930,850,956,884
Czech Republic,CZE,2020-01-05,2303,2365,2378,2222,2763,2143,2321
Czech Republic,CZE,2020-01-12,2313,2343,2432,2054,2811,2126,2290
Czech Republic,CZE,2020-01-19,2238,2389,2396,2175,2833,2230,2311
Czech Republic,CZE,2020-01-26,2328,2386,2499,2116,2761,2190,2365
Czech Republic,CZE,2020-02-02,2357,2406,2580,2137,2598,2216,2497
Czech Republic,CZE,2020-02-09,2348,2466,2598,2245,2640,2404,2445
Czech Republic,CZE,2020-02-16,2386,2499,2732,2160,2492,2602,2509
Czech Republic,CZE,2020-02-23,2344,2501,2684,2214,2357,2754,2496
Czech Republic,CZE,2020-03-01,2352,2466,2609,2235,2353,2819,2313
Czech Republic,CZE,2020-03-08,2283,2411,2357,2096,2225,2994,2383
Czech Republic,CZE,2020-03-15,2298,2331,2291,2155,2164,2782,2262
Czech Republic,CZE,2020-03-22,2318,2266,2273,2148,2103,2607,2198
Czech Republic,CZE,2020-03-29,2287,2199,2222,2191,2075,2383,2124
Czech Republic,CZE,2020-04-05,2314,2162,2209,2138,2069,2262,2131
Czech Republic,CZE,2020-04-12,2236,2116,2111,2075,1994,2257,2145
Czech Republic,CZE,2020-04-19,2117,2066,2183,1949,2043,2061,2094
Czech Republic,CZE,2020-04-26,2027,2110,2193,2114,2051,2090,2103
Czech Republic,CZE,2020-05-03,2107,2027,2041,1982,2041,2022,2051
Czech Republic,CZE,2020-05-10,1990,2023,1988,2001,2074,1958,2093
Czech Republic,CZE,2020-05-17,2027,1982,1983,1964,1974,1962,2025
Czech Republic,CZE,2020-05-24,1907,1987,1993,2000,1932,2013,1995
Czech Republic,CZE,2020-05-31,1926,2038,2029,2042,2033,1995,2093
Czech Republic,CZE,2020-06-07,2126,1956,1995,1893,1836,2038,2020
Czech Republic,CZE,2020-06-14,1977,1957,1886,1915,1978,1863,2145
Czech Republic,CZE,2020-06-21,2019,1948,1761,1993,2042,1964,1980
Czech Republic,CZE,2020-06-28,2068,1961,1890,1970,1939,1940,2067
Czech Republic,CZE,2020-07-05,2101,1983,2050,1886,1953,1979,2046
Czech Republic,CZE,2020-07-12,1984,1988,2139,1918,1886,2041,1956
Czech Republic,CZE,2020-07-19,1975,1994,1943,1981,1972,2039,2034
Czech Republic,CZE,2020-07-26,2070,2029,2109,1942,1770,2153,2171
Czech Republic,CZE,2020-08-02,2213,2036,1886,1827,2077,2379,2010
Czech Republic,CZE,2020-08-09,2133,2020,2156,1839,1959,2118,2027
Czech Republic,CZE,2020-08-16,2155,2056,2521,1949,1861,1923,2026
Denmark,DNK,2020-01-05,1116,1121,1127,1103,1113,1134,1130
Denmark,DNK,2020-01-12,1149,1115,1108,1065,1111,1136,1155
Denmark,DNK,2020-01-19,1070,1102,1093,1046,1099,1156,1118
Denmark,DNK,2020-01-26,1026,1100,1068,1124,1104,1119,1085
Denmark,DNK,2020-02-02,1087,1149,1086,1083,1211,1157,1209
Denmark,DNK,2020-02-09,1078,1139,1118,1040,1100,1186,1250
Denmark,DNK,2020-02-16,1057,1167,1106,1062,1228,1265,1176
Denmark,DNK,2020-02-23,1035,1156,1131,1124,1156,1260,1110
Denmark,DNK,2020-03-01,1022,1182,1177,1143,1179,1323,1090
Denmark,DNK,2020-03-08,1061,1170,1210,1149,1101,1337,1051
Denmark,DNK,2020-03-15,1064,1158,1184,1159,1132,1253,1063
Denmark,DNK,2020-03-22,1138,1122,1086,1074,1126,1286,1039
Denmark,DNK,2020-03-29,1110,1085,1093,1084,1041,1186,1022
Denmark,DNK,2020-04-05,1153,1056,1044,1023,988,1138,1085
Denmark,DNK,2020-04-12,1143,1069,1081,1071,1009,1164,1018
Denmark,DNK,2020-04-19,1075,1025,1052,1010,967,1052,1046
Denmark,DNK,2020-04-26,1082,983,934,985,974,1008,1015
Denmark,DNK,2020-05-03,1044,1035,996,1042,1059,1010,1067
Denmark,DNK,2020-05-10,1023,1014,978,1023,1015,1025,1028
Denmark,DNK,2020-05-17,950,973,921,935,1022,1012,974
Denmark,DNK,2020-05-24,993,968,974,975,969,953,970
Denmark,DNK,2020-05-31,964,969,977,953,956,977,983
Denmark,DNK,2020-06-07,958,971,959,913,985,1009,991
Denmark,DNK,2020-06-14,998,974,1017,920,1023,941,969
Denmark,DNK,2020-06-21,947,970,913,983,980,958,1015
Denmark,DNK,2020-06-28,977,930,897,897,938,915,1002
Denmark,DNK,2020-07-05,995,943,942,924,905,1007,935
Denmark,DNK,2020-07-12,956,943,951,898,941,971,953
Denmark,DNK,2020-07-19,1024,958,917,971,931,994,977
Denmark,DNK,2020-07-26,941,979,951,962,925,1091,967
Denmark,DNK,2020-08-02,982,966,947,902,934,1084,962
Denmark,DNK,2020-08-09,955,956,929,956,932,1029,936
Denmark,DNK,2020-08-16,990,944,953,914,906,1017,931
Denmark,DNK,2020-08-23,989,969,926,971,953,990,1006
Denmark,DNK,2020-08-30,950,941,901,922,951,935,996
Denmark,DNK,2020-09-06,984,942,879,955,918,975,983
Denmark,DNK,2020-09-13,976,950,913,932,991,949,966
Denmark,DNK,2020-09-20,1078,965,942,904,979,994,1007
Denmark,DNK,2020-09-27,970,979,963,983,983,950,1016
England & Wales,,2020-01-05,12253,12199,12284,13045,11989,12721,10955
England & Wales,,2020-01-12,14057,13822,16237,11497,13715,15050,12609
England & Wales,,2020-01-19,12990,13212,14866,11470,13610,14256,11860
England & Wales,,2020-01-26,11853,12760,13934,11312,12877,13935,11740
England & Wales,,2020-02-02,11612,12202,12900,11042,12485,13285,11297
England & Wales,,2020-02-09,10984,11921,12039,11154,12261,12490,11660
England & Wales,,2020-02-16,10948,11625,11822,10589,11644,12246,11824
England & Wales,,2020-02-23,10840,11544,11433,11056,11793,12142,11295
England & Wales,,2020-03-01,10815,11179,11471,11283,11245,10854,11044
England & Wales,,2020-03-08,10892,11489,11467,11005,11077,12997,10898
England & Wales,,2020-03-15,11017,11203,10949,11015,10697,12788,10567
England & Wales,,2020-03-22,10646,10567,10568,9626,10325,11913,10402
England & Wales,,2020-03-29,11142,10122,10492,10281,10027,9941,9867
England & Wales,,2020-04-05,16387,10304,9061,11599,9938,10794,10126
England & Wales,,2020-04-12,18516,10517,10089,11414,8491,12301,10291
England & Wales,,2020-04-19,22351,10490,11639,10925,9637,11223,9025
England & Wales,,2020-04-26,21997,10456,10597,10412,10908,10306,10059
England & Wales,,2020-05-03,17953,9934,10111,9133,9064,10153,11207
England & Wales,,2020-05-10,12657,9573,8861,10633,10690,8624,9055
England & Wales,,2020-05-17,14573,10189,10290,9953,10288,10141,10272
England & Wales,,2020-05-24,12288,9938,9996,9738,10035,9636,10284
England & Wales,,2020-05-31,9824,8172,8213,7909,8332,8147,8260
England & Wales,,2020-06-07,10709,9974,10145,9873,9763,9950,10140
England & Wales,,2020-06-14,9976,9416,9547,9384,9363,9343,9445
England & Wales,,2020-06-21,9339,9402,9308,9361,9627,9256,9458
England & Wales,,2020-06-28,8979,9293,9183,9227,9331,9212,9511
England & Wales,,2020-07-05,9140,9184,9199,9138,9261,9258,9062
England & Wales,,2020-07-12,8690,9250,9015,9387,9375,9293,9179
England & Wales,,2020-07-19,8823,9092,8797,9344,9111,9127,9080
England & Wales,,2020-07-26,8891,9051,8791,9331,8882,9141,9112
England & Wales,,2020-08-02,8946,9032,8616,9176,8938,9161,9271
England & Wales,,2020-08-09,8945,9100,8860,9161,9038,9319,9122
England & Wales,,2020-08-16,9392,9087,9146,9070,9295,8830,9093
England & Wales,,2020-08-23,9631,9159,9121,9318,9382,8978,8994
England & Wales,,2020-08-30,9032,8239,9023,7921,8146,7865,8242
England & Wales,,2020-09-06,7739,9182,7878,9397,9493,9445,9695
England & Wales,,2020-09-13,9811,9307,9254,9123,9453,9191,9513
England & Wales,,2020-09-20,9522,9264,9097,8945,9534,9305,9440
England & Wales,,2020-09-27,9634,9375,9526,8993,9689,9150,9517
Estonia,EST,2020-01-05,295,344,354,322,364,328,351
Estonia,EST,2020-01-12,331,345,340,334,393,319,338
Estonia,EST,2020-01-19,316,331,294,301,386,290,383
Estonia,EST,2020-01-26,300,336,321,335,360,338,324
Estonia,EST,2020-02-02,308,340,329,319,392,333,325
Estonia,EST,2020-02-09,275,341,332,353,351,343,325
Estonia,EST,2020-02-16,322,322,324,276,344,347,317
Estonia,EST,2020-02-23,334,339,332,313,337,389,322
Estonia,EST,2020-03-01,313,333,324,317,304,391,331
Estonia,EST,2020-03-08,293,334,355,293,328,391,305
Estonia,EST,2020-03-15,340,324,341,303,296,384,294
Estonia,EST,2020-03-22,312,312,331,263,304,361,300
Estonia,EST,2020-03-29,328,317,317,323,322,326,296
Estonia,EST,2020-04-05,312,299,304,312,286,337,257
Estonia,EST,2020-04-12,315,304,311,307,293,319,290
Estonia,EST,2020-04-19,312,299,297,298,285,318,299
Estonia,EST,2020-04-26,326,285,302,295,267,276,286
Estonia,EST,2020-05-03,307,289,265,304,308,269,301
Estonia,EST,2020-05-10,316,288,278,299,319,268,274
Estonia,EST,2020-05-17,289,305,333,288,292,300,313
Estonia,EST,2020-05-24,278,287,283,276,290,281,303
Estonia,EST,2020-05-31,301,274,285,277,268,266,276
Estonia,EST,2020-06-07,271,280,289,258,293,262,296
Estonia,EST,2020-06-14,279,269,267,276,262,282,257
Estonia,EST,2020-06-21,276,272,285,270,247,277,281
Estonia,EST,2020-06-28,291,263,239,263,272,261,279
Estonia,EST,2020-07-05,271,262,277,251,290,230,263
Estonia,EST,2020-07-12,274,265,250,270,249,280,278
Estonia,EST,2020-07-19,282,270,236,276,242,310,286
Estonia,EST,2020-07-26,297,281,238,264,296,291,314
Estonia,EST,2020-08-02,306,268,259,232,272,321,256
Estonia,EST,2020-08-09,293,286,276,280,304,302,269
Estonia,EST,2020-08-16,293,278,289,285,260,234,323
Estonia,EST,2020-08-23,261,264,261,278,270,261,251
Estonia,EST,2020-08-30,299,272,259,271,305,255,271
Estonia,EST,2020-09-06,278,266,248,283,259,278,261
Estonia,EST,2020-09-13,256,273,301,278,265,265,254
Estonia,EST,2020-09-20,312,282,285,295,267,284,277
Estonia,EST,2020-09-27,322,287,292,305,271,283,282
Finland,FIN,2020-01-05,1045,1165,1084,1184,1273,1072,1213
Finland,FIN,2020-01-12,1068,1180,1159,1192,1335,1091,1125
Finland,FIN,2020-01-19,1059,1172,1151,1249,1208,1083,1171
Finland,FIN,2020-01-26,1038,1127,1040,1186,1145,1131,1134
Finland,FIN,2020-02-02,1073,1138,1062,1183,1116,1186,1141
Finland,FIN,2020-02-09,1115,1123,1062,1167,1106,1110,1170
Finland,FIN,2020-02-16,1098,1099,1093,1047,1122,1143,1089
Finland,FIN,2020-02-23,1090,1095,1075,1046,1124,1173,1058
Finland,FIN,2020-03-01,1050,1120,1126,1075,1083,1247,1070
Finland,FIN,2020-03-08,1105,1103,1134,1023,1048,1223,1085
Finland,FIN,2020-03-15,1105,1103,1047,1041,1021,1251,1154
Finland,FIN,2020-03-22,1122,1088,1015,1095,1065,1216,1047
Finland,FIN,2020-03-29,1108,1064,1012,1097,985,1154,1072
Finland,FIN,2020-04-05,1108,1077,1070,980,1059,1243,1033
Finland,FIN,2020-04-12,1180,1047,1075,1010,998,1096,1058
Finland,FIN,2020-04-19,1094,1058,1040,1060,1055,1110,1024
Finland,FIN,2020-04-26,1141,1015,1075,968,1006,1027,1001
Finland,FIN,2020-05-03,1129,1038,1021,976,1079,1023,1090
Finland,FIN,2020-05-10,1073,991,1009,947,1049,980,972
Finland,FIN,2020-05-17,1102,971,926,963,999,973,993
Finland,FIN,2020-05-24,957,959,939,1023,995,909,927
Finland,FIN,2020-05-31,989,950,947,980,980,926,919
Finland,FIN,2020-06-07,982,966,907,913,1014,944,1053
Finland,FIN,2020-06-14,999,950,927,947,1021,921,934
Finland,FIN,2020-06-21,1066,967,987,939,993,954,962
Finland,FIN,2020-06-28,1018,951,924,995,993,946,895
Finland,FIN,2020-07-05,996,946,1016,874,929,961,949
Finland,FIN,2020-07-12,941,943,885,940,921,986,983
Finland,FIN,2020-07-19,1020,960,902,949,925,1060,962
Finland,FIN,2020-07-26,963,973,902,952,944,1047,1022
Finland,FIN,2020-08-02,980,939,883,902,923,1063,922
Finland,FIN,2020-08-09,949,925,874,919,954,919,958
Finland,FIN,2020-08-16,974,950,956,946,943,984,923
Finland,FIN,2020-08-23,1013,959,946,1006,906,943,992
Finland,FIN,2020-08-30,983,963,957,991,954,947,966
Finland,FIN,2020-09-06,974,967,917,991,1001,941,986
Finland,FIN,2020-09-13,1098,965,966,922,1040,907,990
Finland,FIN,2020-09-20,1019,987,977,1012,940,997,1007
Finland,FIN,2020-09-27,1057,991,938,983,974,1012,1047
France,FRA,2020-01-05,12722,13445,12804,11944,15509,14154,12813
France,FRA,2020-01-12,13192,13563,13142,12032,15696,13590,13355
France,FRA,2020-01-19,12592,13210,12803,12141,14700,13157,13249
France,FRA,2020-01-26,12328,13071,12617,11824,14783,12464,13666
France,FRA,2020-02-02,12532,13071,13281,11734,14282,12132,13926
France,FRA,2020-02-09,12401,13190,13963,11827,13405,12697,14056
France,FRA,2020-02-16,12252,13024,14666,11615,12610,12645,13584
France,FRA,2020-02-23,11826,12893,14326,11522,11980,13136,13500
France,FRA,2020-03-01,12041,12922,13592,12033,11712,14212,13062
France,FRA,2020-03-08,12134,12623,12930,11920,11482,14327,12458
France,FRA,2020-03-15,12540,12037,12264,12055,11013,13156,11696
France,FRA,2020-03-22,13933,11745,11901,11867,10722,12687,11548
France,FRA,2020-03-29,16179,11642,11684,11978,10795,12443,11312
France,FRA,2020-04-05,18791,11380,11130,11614,10674,12014,11469
France,FRA,2020-04-12,17551,11174,11239,11231,10664,11716,11018
France,FRA,2020-04-19,15382,11028,10884,10694,10675,11603,11283
France,FRA,2020-04-26,12815,10917,10790,10725,11027,10788,11257
France,FRA,2020-05-03,11245,10777,10593,10831,10881,10696,10883
France,FRA,2020-05-10,11023,10639,10480,10697,10691,10332,10994
France,FRA,2020-05-17,10742,10533,10110,10542,10635,10399,10980
France,FRA,2020-05-24,11109,10531,10026,10461,10604,10781,10783
France,FRA,2020-05-31,10418,10266,10137,10043,10145,10512,10491
France,FRA,2020-06-07,10378,10208,10416,10291,9851,10138,10342
France,FRA,2020-06-14,10347,10093,10172,9904,10091,9978,10320
France,FRA,2020-06-21,10413,10365,9862,10404,10864,10203,10494
France,FRA,2020-06-28,11097,10386,10160,10073,9677,10894,11126
France,FRA,2020-07-05,9993,10747,11190,10440,10584,10777,10742
France,FRA,2020-07-12,10292,10219,10315,10156,10109,10255,10258
France,FRA,2020-07-19,10098,10445,10181,10914,10289,10509,10330
France,FRA,2020-07-26,10514,10437,9911,9838,10172,10923,11339
France,FRA,2020-08-02,10810,10157,9698,9807,10405,10765,10108
France,FRA,2020-08-09,10700,10259,10478,9820,9918,10731,10346
France,FRA,2020-08-16,11682,10023,9935,10176,10083,9930,9991
France,FRA,2020-08-23,10391,10296,9851,10497,10394,10388,10350
France,FRA,2020-08-30,10386,10282,10094,10053,10300,10140,10824
France,FRA,2020-09-06,10443,10078,9829,10195,9776,10497,10095
Germany,DEU,2020-01-05,18892,19353,,18467,20918,19342,18686
Germany,DEU,2020-01-12,19421,19612,,18439,22070,18770,19170
Germany,DEU,2020-01-19,19163,19553,,18627,21236,19187,19163
Germany,DEU,2020-01-26,18926,19866,,18707,22083,19171,19505
Germany,DEU,2020-02-02,19776,20376,,18493,23640,19558,19812
Germany,DEU,2020-02-09,19011,20338,,18541,22744,20086,19981
Germany,DEU,2020-02-16,19621,20642,,18483,22683,21254,20150
Germany,DEU,2020-02-23,18921,20994,,18475,22266,22888,20349
Germany,DEU,2020-03-01,19462,21545,,18926,20930,25535,20790
Germany,DEU,2020-03-08,19618,21305,,18888,19102,26777,20453
Germany,DEU,2020-03-15,19859,20454,,18971,18665,24385,19795
Germany,DEU,2020-03-22,19717,19565,,18826,17640,22777,19016
Germany,DEU,2020-03-29,19681,18954,,18617,17731,20906,18562
Germany,DEU,2020-04-05,20624,18495,,18244,17028,20038,18671
Germany,DEU,2020-04-12,20486,17908,,17712,16901,19165,17852
Germany,DEU,2020-04-19,19253,17373,,16775,16637,17992,18089
Germany,DEU,2020-04-26,18526,17418,,17053,17634,17093,17894
Germany,DEU,2020-05-03,17880,16977,,16901,17129,16789,17090
Germany,DEU,2020-05-10,17600,17329,,17629,17343,17226,17118
Germany,DEU,2020-05-17,16956,16871,,16601,17079,16488,17315
Germany,DEU,2020-05-24,17132,16582,,16286,16451,16513,17080
Germany,DEU,2020-05-31,16729,16802,,16346,16902,17039,16921
Germany,DEU,2020-06-07,17226,16462,,15799,15846,16714,17491
Germany,DEU,2020-06-14,16551,15968,,15717,16087,15582,16484
Germany,DEU,2020-06-21,16352,16553,,16910,16819,15843,16639
Germany,DEU,2020-06-28,17233,16566,,15699,16076,16569,17918
Germany,DEU,2020-07-05,16388,16457,,16229,16424,16622,16552
Germany,DEU,2020-07-12,16092,16041,,16172,15603,16070,16319
Germany,DEU,2020-07-19,16452,16783,,16985,16589,16702,16856
Germany,DEU,2020-07-26,16837,17546,,16157,16058,18340,19630
Germany,DEU,2020-08-02,17309,17334,,15439,16494,20371,17034
Germany,DEU,2020-08-09,17374,16572,,15487,15784,18478,16540
Germany,DEU,2020-08-16,19531,16308,,16258,16148,16890,15934
Germany,DEU,2020-08-23,17400,16476,,17147,15880,16612,16263
Germany,DEU,2020-08-30,16464,16450,,16101,16064,16000,17637
Germany,DEU,2020-09-06,16508,16050,,16116,15706,16390,15988
Germany,DEU,2020-09-13,16795,16278,,16372,16146,16292,16303
Greece,GRC,2020-01-05,2748,2825,,2637,3425,2533,2706
Greece,GRC,2020-01-12,2920,2969,,2638,3680,2453,3105
Greece,GRC,2020-01-19,2863,2837,,2601,3364,2345,3039
Greece,GRC,2020-01-26,2774,2786,,2652,3082,2548,2860
Greece,GRC,2020-02-02,2990,2787,,2649,3002,2605,2893
Greece,GRC,2020-02-09,2847,2678,,2594,2790,2557,2772
Greece,GRC,2020-02-16,2781,2536,,2436,2675,2469,2563
Greece,GRC,2020-02-23,2467,2473,,2215,2523,2493,2660
Greece,GRC,2020-03-01,2545,2479,,2139,2399,2610,2769
Greece,GRC,2020-03-08,2644,2426,,2248,2405,2532,2519
Greece,GRC,2020-03-15,2594,2396,,2255,2444,2415,2470
Greece,GRC,2020-03-22,2547,2341,,2185,2458,2330,2391
Greece,GRC,2020-03-29,2438,2302,,2259,2253,2365,2332
Greece,GRC,2020-04-05,2452,2348,,2275,2363,2341,2413
Greece,GRC,2020-04-12,2361,2313,,2227,2363,2349,2312
Greece,GRC,2020-04-19,2267,2252,,2100,2367,2319,2220
Greece,GRC,2020-04-26,2202,2246,,2081,2325,2175,2403
Greece,GRC,2020-05-03,2306,2274,,2246,2265,2226,2360
Greece,GRC,2020-05-10,2125,2168,,2209,2159,1980,2323
Greece,GRC,2020-05-17,2474,2133,,2121,2030,2112,2268
Greece,GRC,2020-05-24,2328,2068,,2027,2013,2021,2210
Greece,GRC,2020-05-31,1960,2229,,2199,2212,2223,2281
Greece,GRC,2020-06-07,2100,2177,,1999,2121,2302,2285
Greece,GRC,2020-06-14,2209,2261,,2175,2136,2188,2546
Greece,GRC,2020-06-21,2349,2385,,2914,2170,2080,2376
Greece,GRC,2020-06-28,2177,2378,,2318,2732,2045,2419
Greece,GRC,2020-07-05,2667,2359,,2155,2542,2361,2377
Greece,GRC,2020-07-12,2301,2256,,2186,2418,2160,2258
Hungary,HUN,2020-01-05,2609,2885,2800,2823,3155,2595,3054
Hungary,HUN,2020-01-12,2585,2918,3005,2640,3311,2546,3090
Hungary,HUN,2020-01-19,2582,2925,2900,2562,3449,2675,3037
Hungary,HUN,2020-01-26,2720,3017,3005,2615,3574,2655,3234
Hungary,HUN,2020-02-02,2799,3056,3067,2483,3616,2731,3384
Hungary,HUN,2020-02-09,2634,3068,3350,2640,3256,2833,3263
Hungary,HUN,2020-02-16,2750,2983,3280,2575,2991,3037,3034
Hungary,HUN,2020-02-23,2586,2956,3349,2491,2890,3161,2888
Hungary,HUN,2020-03-01,2781,2894,3120,2535,2668,3237,2909
Hungary,HUN,2020-03-08,2605,2812,2962,2496,2671,3218,2713
Hungary,HUN,2020-03-15,2577,2709,2777,2438,2582,3016,2733
Hungary,HUN,2020-03-22,2800,2635,2764,2481,2584,2878,2469
Hungary,HUN,2020-03-29,2590,2592,2690,2537,2546,2774,2411
Hungary,HUN,2020-04-05,2525,2511,2639,2456,2422,2622,2414
Hungary,HUN,2020-04-12,2571,2478,2612,2318,2492,2576,2393
Hungary,HUN,2020-04-19,2509,2430,2612,2349,2527,2336,2327
Hungary,HUN,2020-04-26,2356,2437,2598,2364,2480,2300,2442
Hungary,HUN,2020-05-03,2249,2367,2467,2279,2479,2294,2316
Hungary,HUN,2020-05-10,2293,2315,2420,2370,2340,2160,2283
Hungary,HUN,2020-05-17,2343,2272,2293,2381,2323,2154,2208
Hungary,HUN,2020-05-24,2109,2276,2274,2261,2209,2352,2283
Hungary,HUN,2020-05-31,2192,2287,2177,2285,2382,2393,2196
Hungary,HUN,2020-06-07,2397,2262,2434,2235,2126,2228,2288
Hungary,HUN,2020-06-14,2285,2292,2298,2151,2145,2243,2623
Hungary,HUN,2020-06-21,2070,2250,2067,2481,2297,2188,2217
Hungary,HUN,2020-06-28,2262,2193,2141,2303,2136,2140,2247
Hungary,HUN,2020-07-05,2313,2219,2383,2102,2143,2225,2242
Hungary,HUN,2020-07-12,2169,2281,2491,2276,2288,2285,2065
Hungary,HUN,2020-07-19,2106,2279,2358,2210,2271,2265,2292
Hungary,HUN,2020-07-26,2141,2380,2625,2277,2140,2389,2471
Hungary,HUN,2020-08-02,2339,2309,2020,2221,2657,2479,2170
Hungary,HUN,2020-08-09,2291,2285,2378,2120,2292,2419,2215
Hungary,HUN,2020-08-16,2249,2307,2747,2222,2147,2199,2218
Hungary,HUN,2020-08-23,2185,2191,2002,2241,2155,2323,2235
Hungary,HUN,2020-08-30,2171,2294,2282,2320,2239,2254,2373
Hungary,HUN,2020-09-06,2195,2224,2220,2246,2186,2267,2199
Iceland,ISL,2020-01-05,57,46,49,44,35,62,39
Iceland,ISL,2020-01-12,55,48,42,56,53,47,41
Iceland,ISL,2020-01-19,52,44,44,51,46,41,40
Iceland,ISL,2020-01-26,55,45,48,35,53,50,37
Iceland,ISL,2020-02-02,39,46,44,46,48,47,43
Iceland,ISL,2020-02-16,49,47,50,39,56,44,47
Iceland,ISL,2020-02-23,48,46,47,40,46,57,41
Iceland,ISL,2020-03-08,49,44,41,51,40,43,47
Iceland,ISL,2020-03-22,39,42,45,42,48,36,37
Iceland,ISL,2020-03-29,42,47,42,43,48,55,48
Iceland,ISL,2020-04-05,50,43,41,48,35,55,38
Iceland,ISL,2020-04-12,49,44,39,47,43,51,42
Iceland,ISL,2020-04-19,60,49,47,53,51,45,47
Iceland,ISL,2020-05-03,44,40,41,37,46,32,45
Iceland,ISL,2020-05-10,37,42,37,39,45,43,44
Iceland,ISL,2020-05-24,50,44,50,40,41,51,36
Iceland,ISL,2020-05-31,50,43,39,45,41,50,38
Iceland,ISL,2020-06-14,39,40,41,40,40,35,42
Iceland,ISL,2020-06-21,31,37,32,33,47,36,39
Iceland,ISL,2020-06-28,34,47,32,48,43,52,60
Iceland,ISL,2020-07-05,35,43,42,46,47,40,40
Iceland,ISL,2020-07-12,46,38,35,41,35,38,42
Iceland,ISL,2020-07-19,42,39,33,54,46,33,30
Iceland,ISL,2020-07-26,35,45,56,43,40,30,56
Iceland,ISL,2020-08-02,35,36,42,33,31,41,33
Iceland,ISL,2020-08-16,42,39,49,44,40,25,37
Iceland,ISL,2020-08-23,34,44,46,37,44,38,53
Iceland,ISL,2020-08-30,28,36,25,42,40,36,36
Iceland,ISL,2020-09-06,55,39,48,37,36,41,34
Iceland,ISL,2020-09-13,40,42,38,51,45,45,33
Iceland,ISL,2020-09-27,34,50,45,55,47,50,53
Israel,ISR,2020-01-05,1091,1011,936,1012,1128,1011,969
Israel,ISR,2020-01-12,1010,1054,1020,1019,1156,999,1077
Israel,ISR,2020-01-19,1099,1033,988,945,1092,1016,1125
Israel,ISR,2020-01-26,1000,1049,1068,956,1073,1006,1141
Israel,ISR,2020-02-02,991,1056,1071,1097,1030,1015,1066
Israel,ISR,2020-02-09,944,1052,1049,1077,1091,989,1054
Israel,ISR,2020-02-16,965,988,1040,1007,908,1010,973
Israel,ISR,2020-02-23,990,984,1019,905,991,974,1033
Israel,ISR,2020-03-01,903,961,984,896,980,934,1010
Israel,ISR,2020-03-08,929,940,1023,838,927,909,1003
Israel,ISR,2020-03-15,964,922,955,833,919,907,996
Israel,ISR,2020-03-22,892,863,830,789,885,868,943
Israel,ISR,2020-03-29,980,889,935,810,903,872,925
Israel,ISR,2020-04-05,1028,869,883,930,833,846,852
Israel,ISR,2020-04-12,877,836,811,830,856,790,892
Israel,ISR,2020-04-19,927,825,754,832,854,803,880
Israel,ISR,2020-04-26,898,852,822,834,912,799,894
Israel,ISR,2020-05-03,830,816,773,765,758,812,971
Israel,ISR,2020-05-10,857,817,848,746,848,797,847
Israel,ISR,2020-05-17,846,801,777,769,794,820,846
Israel,ISR,2020-05-24,960,799,822,780,736,818,838
Israel,ISR,2020-05-31,835,788,757,799,792,763,829
Israel,ISR,2020-06-07,806,774,725,748,820,820,758
Israel,ISR,2020-06-14,784,753,718,765,735,718,829
Israel,ISR,2020-06-21,790,764,751,736,740,821,771
Israel,ISR,2020-06-28,778,759,767,736,797,762,731
Israel,ISR,2020-07-05,774,770,770,734,768,788,790
Israel,ISR,2020-07-12,837,758,743,759,760,812,718
Israel,ISR,2020-07-19,832,757,733,739,759,779,776
Israel,ISR,2020-07-26,814,790,782,773,795,798,802
Israel,ISR,2020-08-02,935,765,723,806,768,752,778
Israel,ISR,2020-08-09,852,784,864,730,754,774,797
Israel,ISR,2020-08-16,941,767,742,775,747,780,789
Israel,ISR,2020-08-23,900,775,816,750,730,831,750
Israel,ISR,2020-08-30,889,778,747,750,754,799,841
Israel,ISR,2020-09-06,862,769,763,754,737,805,784
Israel,ISR,2020-09-13,910,762,761,742,723,787,798
Israel,ISR,2020-09-20,950,772,800,768,737,798,757
Italy,ITA,2020-01-05,12707,14455,,12637,16889,15164,13131
Italy,ITA,2020-01-12,13227,14690,14789,12180,17722,14886,13872
Italy,ITA,2020-01-19,13303,14452,14405,12594,16695,14194,14371
Italy,ITA,2020-01-26,13261,13959,13867,12483,15345,13770,14329
Italy,ITA,2020-02-02,13128,13866,14216,12128,14710,13570,14704
Italy,ITA,2020-02-09,12839,13428,14613,12282,13122,12935,14188
Italy,ITA,2020-02-16,12896,13258,14490,11826,12882,13051,14042
Italy,ITA,2020-02-23,12544,13020,14125,11860,12385,13036,13696
Italy,ITA,2020-03-01,13011,12953,13597,11912,12203,13413,13641
Italy,ITA,2020-03-08,14029,12667,13202,11950,12032,13238,12915
Italy,ITA,2020-03-15,17499,12335,12936,11978,11903,12441,12419
Italy,ITA,2020-03-22,21103,11857,12504,11700,11751,11595,11734
Italy,ITA,2020-03-29,22448,11818,12236,11897,11460,11903,11595
Italy,ITA,2020-04-05,19640,11608,12003,11477,11084,11601,11877
Italy,ITA,2020-04-12,17724,11380,11936,11018,11328,11336,11282
Italy,ITA,2020-04-19,15553,11225,11964,10848,10831,11121,11360
Italy,ITA,2020-04-26,13643,11036,11284,10670,11207,10935,11086
Italy,ITA,2020-05-03,12257,10888,11134,10880,11338,10324,10766
Italy,ITA,2020-05-10,11676,10883,11393,10644,11075,10324,10981
Italy,ITA,2020-05-17,11057,10608,10810,10276,10964,10141,10847
Italy,ITA,2020-05-24,10510,10692,10301,10812,10811,10632,10906
Italy,ITA,2020-05-31,10021,10458,10155,10085,10831,10594,10624
Italy,ITA,2020-06-07,10093,10728,11337,10348,10168,10302,11487
Italy,ITA,2020-06-14,9589,10627,10728,10069,10782,10365,11192
Latvia,LVA,2020-01-05,597,612,617,684,606,567,586
Latvia,LVA,2020-01-12,587,619,608,649,616,555,669
Latvia,LVA,2020-01-19,538,631,622,634,631,598,669
Latvia,LVA,2020-01-26,553,615,618,670,567,606,612
Latvia,LVA,2020-02-02,550,606,624,551,630,587,636
Latvia,LVA,2020-02-09,532,588,573,557,623,568,619
Latvia,LVA,2020-02-16,544,606,623,581,637,589,599
Latvia,LVA,2020-02-23,545,625,596,565,695,671,596
Latvia,LVA,2020-03-01,447,629,607,608,652,707,572
Latvia,LVA,2020-03-08,481,620,605,582,641,699,575
Latvia,LVA,2020-03-15,513,594,600,604,567,664,533
Latvia,LVA,2020-03-22,566,604,565,577,614,706,557
Latvia,LVA,2020-03-29,529,596,555,606,570,687,562
Latvia,LVA,2020-04-05,561,583,565,575,602,648,523
Latvia,LVA,2020-04-12,491,575,600,566,553,606,552
Latvia,LVA,2020-04-19,573,552,570,544,554,582,509
Latvia,LVA,2020-04-26,533,546,580,537,534,517,564
Latvia,LVA,2020-05-03,533,511,516,520,560,502,455
Latvia,LVA,2020-05-10,578,541,513,545,549,554,545
Latvia,LVA,2020-05-17,521,531,547,537,543,526,501
Latvia,LVA,2020-05-24,557,522,535,527,488,527,533
Latvia,LVA,2020-05-31,505,526,535,558,510,537,490
Latvia,LVA,2020-06-07,504,503,521,492,551,452,498
Latvia,LVA,2020-06-14,528,481,459,503,498,455,488
Latvia,LVA,2020-06-21,499,529,549,586,515,491,505
Latvia,LVA,2020-06-28,479,500,523,527,484,495,469
Latvia,LVA,2020-07-05,605,496,584,464,457,492,483
Latvia,LVA,2020-07-12,468,507,487,490,533,534,493
Latvia,LVA,2020-07-19,503,531,525,490,516,587,535
Latvia,LVA,2020-07-26,494,497,508,474,482,528,492
Latvia,LVA,2020-08-02,499,495,494,465,468,592,456
Latvia,LVA,2020-08-09,463,478,523,474,460,484,448
Latvia,LVA,2020-08-16,511,494,520,524,501,440,484
Latvia,LVA,2020-08-23,549,496,520,550,476,483,453
Latvia,LVA,2020-08-30,504,481,470,466,508,486,473
Latvia,LVA,2020-09-06,459,476,438,494,471,521,456
Latvia,LVA,2020-09-13,490,503,478,514,552,466,505
Latvia,LVA,2020-09-20,496,505,505,509,535,513,463
Latvia,LVA,2020-09-27,480,530,528,522,534,503,562
Latvia,LVA,2020-10-04,562,537,488,550,569,545,534
Lithuania,LTU,2020-01-05,808,863,844,845,958,826,842
Lithuania,LTU,2020-01-12,800,874,827,896,979,788,878
Lithuania,LTU,2020-01-19,787,920,905,936,970,879,910
Lithuania,LTU,2020-01-26,784,911,853,906,953,862,982
Lithuania,LTU,2020-02-02,762,912,881,913,958,911,895
Lithuania,LTU,2020-02-09,764,900,873,891,923,957,854
Lithuania,LTU,2020-02-16,809,876,921,836,877,947,800
Lithuania,LTU,2020-02-23,707,896,918,862,905,965,831
Lithuania,LTU,2020-03-01,806,865,922,826,828,964,783
Lithuania,LTU,2020-03-08,773,841,911,820,790,903,783
Lithuania,LTU,2020-03-15,773,819,896,826,763,858,754
Lithuania,LTU,2020-03-22,802,804,909,766,765,802,780
Lithuania,LTU,2020-03-29,815,786,859,824,771,800,678
Lithuania,LTU,2020-04-05,774,796,849,790,757,856,726
Lithuania,LTU,2020-04-12,802,789,867,804,761,790,723
Lithuania,LTU,2020-04-19,783,785,890,793,749,785,709
Lithuania,LTU,2020-04-26,785,763,791,773,778,701,773
Lithuania,LTU,2020-05-03,769,749,783,767,742,739,714
Lithuania,LTU,2020-05-10,717,763,796,757,793,777,691
Lithuania,LTU,2020-05-17,732,736,763,723,762,726,707
Lithuania,LTU,2020-05-24,715,776,802,813,771,708,788
Lithuania,LTU,2020-05-31,745,750,780,843,691,730,708
Lithuania,LTU,2020-06-07,734,742,850,727,723,622,788
Lithuania,LTU,2020-06-14,818,712,740,664,703,688,763
Lithuania,LTU,2020-06-21,760,711,749,760,723,662,660
Lithuania,LTU,2020-06-28,808,729,691,860,700,648,746
Lithuania,LTU,2020-07-05,688,697,827,688,668,623,677
Lithuania,LTU,2020-07-12,700,702,762,675,711,691,671
Lithuania,LTU,2020-07-19,760,705,689,723,697,733,681
Lithuania,LTU,2020-07-26,744,739,723,785,741,719,727
Lithuania,LTU,2020-08-02,713,696,727,690,647,807,611
Lithuania,LTU,2020-08-09,726,719,822,665,707,736,665
Lithuania,LTU,2020-08-16,743,697,753,715,680,678,661
Lithuania,LTU,2020-08-23,764,677,657,760,595,694,680
Lithuania,LTU,2020-08-30,708,701,704,735,728,623,715
Lithuania,LTU,2020-09-06,664,677,697,709,688,627,662
Lithuania,LTU,2020-09-13,715,653,654,653,679,645,635
Lithuania,LTU,2020-09-20,710,696,733,732,714,658,641
Lithuania,LTU,2020-09-27,776,716,726,743,723,682,708
Luxembourg,LUX,2020-01-05,63,87,81,75,95,85,98
Luxembourg,LUX,2020-01-12,87,95,87,81,123,100,82
Luxembourg,LUX,2020-01-19,90,87,80,85,107,84,81
Luxembourg,LUX,2020-01-26,87,89,94,83,101,85,83
Luxembourg,LUX,2020-02-02,88,97,100,79,110,96,101
Luxembourg,LUX,2020-02-09,90,97,100,72,92,115,106
Luxembourg,LUX,2020-02-16,69,97,92,85,86,111,112
Luxembourg,LUX,2020-03-01,74,88,88,82,67,111,90
Luxembourg,LUX,2020-03-15,91,82,84,86,75,85,78
Luxembourg,LUX,2020-03-22,89,86,73,91,89,94,83
Luxembourg,LUX,2020-03-29,112,86,88,82,99,70,92
Luxembourg,LUX,2020-04-05,90,84,91,78,97,75,77
Luxembourg,LUX,2020-04-12,116,72,75,70,63,80,70
Luxembourg,LUX,2020-04-19,89,79,80,71,83,83,78
Luxembourg,LUX,2020-04-26,84,74,72,63,90,64,82
Luxembourg,LUX,2020-05-03,69,72,61,76,74,67,81
Luxembourg,LUX,2020-05-10,89,70,68,68,73,77,66
Luxembourg,LUX,2020-05-17,77,71,65,77,63,75,77
Luxembourg,LUX,2020-05-24,78,76,62,82,72,84,82
Luxembourg,LUX,2020-06-07,73,74,71,62,76,89,71
Luxembourg,LUX,2020-06-14,69,75,65,81,86,74,67
Luxembourg,LUX,2020-06-21,78,67,76,71,66,57,63
Luxembourg,LUX,2020-06-28,68,69,54,49,72,77,92
Luxembourg,LUX,2020-07-05,71,75,87,70,71,77,71
Luxembourg,LUX,2020-07-12,73,80,88,80,85,63,86
Luxembourg,LUX,2020-07-19,72,72,69,77,76,69,70
Luxembourg,LUX,2020-08-02,89,75,73,64,66,100,72
Luxembourg,LUX,2020-08-09,94,75,68,69,59,95,82
Luxembourg,LUX,2020-08-16,100,74,71,72,67,81,79
Netherlands,NLD,2020-01-05,3102,3282,3259,3175,3570,3344,3061
Netherlands,NLD,2020-01-12,3364,3354,3430,3077,3637,3363,3261
Netherlands,NLD,2020-01-19,3154,3290,3378,3063,3491,3365,3153
Netherlands,NLD,2020-01-26,3044,3337,3353,3201,3627,3323,3180
Netherlands,NLD,2020-02-02,3160,3310,3324,3105,3574,3405,3144
Netherlands,NLD,2020-02-09,3193,3291,3271,3036,3446,3514,3186
Netherlands,NLD,2020-02-16,3198,3334,3309,3030,3418,3661,3253
Netherlands,NLD,2020-02-23,2957,3389,3383,3319,3328,3692,3223
Netherlands,NLD,2020-03-01,3095,3310,3210,3185,3152,3936,3066
Netherlands,NLD,2020-03-08,3102,3340,3222,3154,3053,4096,3173
Netherlands,NLD,2020-03-15,3216,3192,3090,3063,2845,3733,3228
Netherlands,NLD,2020-03-22,3612,3068,3052,3030,2780,3435,3043
Netherlands,NLD,2020-03-29,4458,3043,3085,3038,2853,3225,3014
Netherlands,NLD,2020-04-05,5084,2912,2844,3011,2764,3041,2900
Netherlands,NLD,2020-04-12,4974,2847,2888,2773,2809,2862,2901
Netherlands,NLD,2020-04-19,4298,2833,2896,2754,2713,2760,3040
Netherlands,NLD,2020-04-26,3903,2796,2835,2747,2775,2665,2959
Netherlands,NLD,2020-05-03,3377,2731,2678,2753,2772,2645,2808
Netherlands,NLD,2020-05-10,2980,2783,2742,2955,2802,2644,2774
Netherlands,NLD,2020-05-17,2772,2725,2720,2673,2803,2608,2820
Netherlands,NLD,2020-05-24,2765,2721,2568,2712,2776,2674,2873
Netherlands,NLD,2020-05-31,2720,2712,2661,2686,2704,2775,2733
Netherlands,NLD,2020-06-07,2680,2645,2598,2590,2625,2676,2737
Netherlands,NLD,2020-06-14,2686,2631,2681,2622,2646,2556,2649
Netherlands,NLD,2020-06-21,2684,2617,2561,2601,2629,2600,2696
Netherlands,NLD,2020-06-28,2656,2662,2548,2611,2692,2621,2836
Netherlands,NLD,2020-07-05,2626,2740,2849,2695,2697,2731,2726
Netherlands,NLD,2020-07-12,2596,2635,2588,2630,2519,2675,2763
Netherlands,NLD,2020-07-19,2496,2658,2568,2754,2678,2705,2585
Netherlands,NLD,2020-07-26,2672,2688,2551,2541,2571,2768,3009
Netherlands,NLD,2020-08-02,2658,2600,2493,2504,2510,2761,2733
Netherlands,NLD,2020-08-09,2637,2629,2546,2560,2657,2750,2630
Netherlands,NLD,2020-08-16,3204,2573,2531,2572,2539,2610,2612
Netherlands,NLD,2020-08-23,2843,2602,2524,2706,2543,2620,2618
Netherlands,NLD,2020-08-30,2730,2603,2530,2595,2576,2528,2786
Netherlands,NLD,2020-09-06,2679,2568,2513,2587,2573,2611,2556
Netherlands,NLD,2020-09-13,2730,2644,2602,2730,2705,2539,2644
Netherlands,NLD,2020-09-20,2705,2627,2631,2500,2717,2706,2582
Netherlands,NLD,2020-09-27,2878,2695,2687,2665,2672,2700,2753
Netherlands,NLD,2020-10-04,2977,2720,2744,2686,2645,2810,2717
New Zealand,NZL,2020-01-05,591,569,564,564,528,582,609
New Zealand,NZL,2020-01-12,581,588,566,558,601,611,604
New Zealand,NZL,2020-01-19,641,574,595,519,557,576,625
New Zealand,NZL,2020-01-26,609,584,531,541,608,653,589
New Zealand,NZL,2020-02-02,615,573,587,552,591,591,544
New Zealand,NZL,2020-02-09,588,567,567,523,564,624,557
New Zealand,NZL,2020-02-16,618,553,577,517,571,542,558
New Zealand,NZL,2020-02-23,621,569,542,568,580,583,571
New Zealand,NZL,2020-03-01,594,576,586,534,572,572,618
New Zealand,NZL,2020-03-08,612,578,550,511,599,602,626
New Zealand,NZL,2020-03-15,600,588,552,525,571,617,675
New Zealand,NZL,2020-03-22,618,582,567,515,593,605,632
New Zealand,NZL,2020-03-29,613,594,575,590,596,571,637
New Zealand,NZL,2020-04-05,628,591,586,551,596,583,640
New Zealand,NZL,2020-04-12,650,585,565,546,570,596,648
New Zealand,NZL,2020-04-19,664,616,554,581,592,663,690
New Zealand,NZL,2020-04-26,632,606,576,554,629,632,637
New Zealand,NZL,2020-05-03,559,611,579,599,632,608,637
New Zealand,NZL,2020-05-10,629,632,620,620,626,623,669
New Zealand,NZL,2020-05-17,615,612,583,575,620,654,630
New Zealand,NZL,2020-05-24,608,636,565,598,679,638,702
New Zealand,NZL,2020-05-31,600,660,593,594,682,707,726
New Zealand,NZL,2020-06-07,619,670,632,677,660,653,727
New Zealand,NZL,2020-06-14,644,666,626,608,719,679,700
New Zealand,NZL,2020-06-21,638,681,640,633,727,684,720
New Zealand,NZL,2020-06-28,620,676,625,627,695,673,760
New Zealand,NZL,2020-07-05,619,682,646,633,737,650,743
New Zealand,NZL,2020-07-12,615,704,669,687,700,667,796
New Zealand,NZL,2020-07-19,693,720,680,667,806,711,736
New Zealand,NZL,2020-07-26,684,729,710,656,839,714,728
New Zealand,NZL,2020-08-02,670,731,727,651,863,683,733
New Zealand,NZL,2020-08-09,644,736,719,698,810,697,755
New Zealand,NZL,2020-08-16,633,717,723,710,739,720,692
New Zealand,NZL,2020-08-23,651,686,663,665,709,725,670
New Zealand,NZL,2020-08-30,599,688,672,644,717,707,698
New Zealand,NZL,2020-09-06,623,663,666,616,687,682,665
New Zealand,NZL,2020-09-13,613,683,665,681,699,674,697
Northern Ireland,,2020-01-05,353,411,,421,414,447,362
Northern Ireland,,2020-01-12,394,400,372,347,432,480,368
Northern Ireland,,2020-01-19,411,389,380,371,396,466,330
Northern Ireland,,2020-01-26,347,379,395,354,387,425,334
Northern Ireland,,2020-02-02,323,355,373,309,367,430,295
Northern Ireland,,2020-02-09,332,331,345,309,333,349,317
Northern Ireland,,2020-02-16,306,317,328,217,334,363,341
Northern Ireland,,2020-02-23,297,358,316,421,350,365,336
Northern Ireland,,2020-03-01,347,333,400,297,351,312,307
Northern Ireland,,2020-03-08,312,346,344,308,354,385,340
Northern Ireland,,2020-03-15,324,312,322,290,250,358,342
Northern Ireland,,2020-03-22,271,317,309,302,355,326,291
Northern Ireland,,2020-03-29,287,308,322,280,314,317,306
Northern Ireland,,2020-04-05,434,277,218,294,306,283,284
Northern Ireland,,2020-04-12,435,300,291,291,267,348,301
Northern Ireland,,2020-04-19,424,291,324,293,245,280,313
Northern Ireland,,2020-04-26,470,299,315,304,325,281,272
Northern Ireland,,2020-05-03,427,298,331,257,257,289,355
Northern Ireland,,2020-05-10,336,278,256,317,301,229,286
Northern Ireland,,2020-05-17,396,294,299,258,313,268,330
Northern Ireland,,2020-05-24,325,293,288,279,325,267,307
Northern Ireland,,2020-05-31,316,257,257,281,254,250,242
Northern Ireland,,2020-06-07,304,292,339,275,292,274,278
Northern Ireland,,2020-06-14,292,284,271,296,299,275,278
Northern Ireland,,2020-06-21,290,275,292,252,273,262,295
Northern Ireland,,2020-06-28,295,283,301,289,294,270,260
Northern Ireland,,2020-07-05,289,279,300,285,262,265,282
Northern Ireland,,2020-07-12,275,233,251,237,252,172,255
Northern Ireland,,2020-07-19,240,268,202,281,286,294,279
Northern Ireland,,2020-07-26,307,281,272,294,287,281,269
Northern Ireland,,2020-08-02,273,278,290,264,287,278,272
Northern Ireland,,2020-08-09,280,257,247,268,237,269,265
Northern Ireland,,2020-08-16,278,264,231,260,265,283,282
Northern Ireland,,2020-08-23,313,273,251,298,268,280,270
Northern Ireland,,2020-08-30,303,247,258,263,243,250,222
Northern Ireland,,2020-09-06,234,259,237,273,277,265,243
Northern Ireland,,2020-09-13,296,294,322,293,264,285,304
Northern Ireland,,2020-09-20,322,274,283,271,290,247,280
Northern Ireland,,2020-09-27,323,285,283,274,282,293,293
Norway,NOR,2020-01-05,861,924,937,870,1006,938,871
Norway,NOR,2020-01-12,948,918,977,864,1048,872,827
Norway,NOR,2020-01-19,836,907,913,939,928,945,811
Norway,NOR,2020-01-26,862,885,930,937,866,857,834
Norway,NOR,2020-02-02,815,895,911,881,914,881,889
Norway,NOR,2020-02-09,799,864,898,852,823,904,843
Norway,NOR,2020-02-16,857,876,866,826,845,927,914
Norway,NOR,2020-02-23,813,868,931,764,898,917,828
Norway,NOR,2020-03-01,838,877,925,873,863,907,819
Norway,NOR,2020-03-08,799,868,975,762,822,950,833
Norway,NOR,2020-03-15,825,828,836,798,804,867,836
Norway,NOR,2020-03-22,808,817,785,802,788,905,805
Norway,NOR,2020-03-29,855,781,795,759,756,807,789
Norway,NOR,2020-04-05,832,799,786,802,809,819,781
Norway,NOR,2020-04-12,840,786,795,773,776,827,757
Norway,NOR,2020-04-19,814,766,777,756,757,778,761
Norway,NOR,2020-04-26,775,780,749,755,816,781,799
Norway,NOR,2020-05-03,752,742,686,748,745,756,773
Norway,NOR,2020-05-10,741,736,728,711,733,738,772
Norway,NOR,2020-05-17,685,725,707,776,694,714,732
Norway,NOR,2020-05-24,740,732,780,713,735,692,741
Norway,NOR,2020-05-31,662,714,716,679,688,757,728
Norway,NOR,2020-06-07,677,714,758,669,724,713,707
Norway,NOR,2020-06-14,728,723,746,729,732,671,735
Norway,NOR,2020-06-21,738,724,712,725,757,703,723
Norway,NOR,2020-06-28,683,734,752,678,733,741,767
Norway,NOR,2020-07-05,695,749,721,756,756,775,735
Norway,NOR,2020-07-12,665,718,693,734,694,737,732
Norway,NOR,2020-07-19,752,723,722,685,748,720,741
Norway,NOR,2020-07-26,728,722,669,721,728,773,721
Norway,NOR,2020-08-02,743,693,663,709,691,677,727
Norway,NOR,2020-08-09,733,718,700,739,742,705,705
Norway,NOR,2020-08-16,731,709,698,717,704,694,733
Norway,NOR,2020-08-23,742,717,732,684,739,754,677
Norway,NOR,2020-08-30,694,733,720,723,730,715,779
Norway,NOR,2020-09-06,705,724,745,759,708,694,713
Norway,NOR,2020-09-13,773,708,712,714,704,705,707
Norway,NOR,2020-09-20,755,721,750,681,697,720,755
Norway,NOR,2020-09-27,708,738,709,740,713,712,818
Poland,POL,2020-01-05,8438,8504,7984,8215,9279,8372,8668
Poland,POL,2020-01-12,8238,8513,7754,7920,10225,8078,8586
Poland,POL,2020-01-19,8056,8539,7800,7683,9875,8639,8700
Poland,POL,2020-01-26,8014,8615,7559,7977,9946,8793,8798
Poland,POL,2020-02-02,8555,8872,7963,7970,10076,8987,9362
Poland,POL,2020-02-09,8341,8820,8166,8145,9432,9088,9269
Poland,POL,2020-02-16,8623,8878,8873,7928,9221,9128,9241
Poland,POL,2020-02-23,8471,8790,8985,7861,9053,9333,8717
Poland,POL,2020-03-01,8469,8788,9068,8002,8388,9864,8620
Poland,POL,2020-03-08,8361,8629,8839,7859,7967,10094,8388
Poland,POL,2020-03-15,8404,8408,8850,7824,7709,9472,8183
Poland,POL,2020-03-22,8320,8275,8640,8014,7637,9061,8025
Poland,POL,2020-03-29,8145,8146,8535,8025,7684,8689,7795
Poland,POL,2020-04-05,7987,7957,8449,7614,7366,8571,7783
Poland,POL,2020-04-12,7990,7804,8154,7510,7441,8216,7699
Poland,POL,2020-04-19,8179,7607,7974,7107,7475,7748,7730
Poland,POL,2020-04-26,7737,7617,7797,7157,7466,7584,8082
Poland,POL,2020-05-03,7756,7425,7483,7399,7385,7373,7485
Poland,POL,2020-05-10,7575,7285,7324,7229,7060,7311,7502
Poland,POL,2020-05-17,7554,7167,7266,6925,7148,7061,7435
Poland,POL,2020-05-24,7542,7265,7102,7254,7074,7309,7586
Poland,POL,2020-05-31,7629,7238,7015,6937,7100,7695,7445
Poland,POL,2020-06-07,7802,7207,7387,6611,6892,7177,7966
Poland,POL,2020-06-14,7736,7194,7076,6790,6830,7035,8240
Poland,POL,2020-06-21,7392,7161,6737,7563,7255,7068,7183
Poland,POL,2020-06-28,7367,7004,6781,6864,7023,7002,7352
Poland,POL,2020-07-05,7651,7018,7360,6599,6703,7353,7074
Poland,POL,2020-07-12,7306,6998,7029,6873,6814,7160,7113
Poland,POL,2020-07-19,7503,7065,6858,6661,7190,7178,7439
Poland,POL,2020-07-26,7562,7323,7016,7267,6997,7674,7660
Poland,POL,2020-08-02,7783,7209,6554,6658,7559,8007,7268
Poland,POL,2020-08-09,7946,7172,7753,6715,6902,7305,7186
Poland,POL,2020-08-16,8063,7008,7574,6804,6858,6850,6955
Poland,POL,2020-08-23,7941,6850,6698,7039,6596,6877,7040
Poland,POL,2020-08-30,7429,7134,6924,6996,6973,6934,7845
Poland,POL,2020-09-06,7509,7005,6922,6981,6978,7189,6957
Poland,POL,2020-09-13,7632,6942,6664,6744,7192,7142,6970
Poland,POL,2020-09-20,8157,7203,7130,6765,7257,7474,7391
Portugal,PRT,2020-01-05,2510,2794,2813,2321,3366,2851,2621
Portugal,PRT,2020-01-12,2663,2808,3054,2332,2967,2803,2884
Portugal,PRT,2020-01-19,2772,2859,3167,2456,2880,2805,2985
Portugal,PRT,2020-01-26,2671,2826,3088,2332,2995,2693,3021
Portugal,PRT,2020-02-02,2688,2687,2909,2271,2736,2619,2899
Portugal,PRT,2020-02-09,2491,2647,2869,2351,2453,2783,2779
Portugal,PRT,2020-02-16,2290,2643,2977,2345,2369,2815,2711
Portugal,PRT,2020-02-23,2362,2508,2684,2296,2237,2777,2546
Portugal,PRT,2020-03-01,2308,2463,2699,2391,2129,2656,2441
Portugal,PRT,2020-03-08,2182,2338,2447,2380,2149,2387,2329
Portugal,PRT,2020-03-15,2360,2276,2314,2288,2151,2371,2258
Portugal,PRT,2020-03-22,2440,2212,2284,2271,2074,2234,2199
Portugal,PRT,2020-03-29,2544,2161,2083,2214,2015,2356,2135
Portugal,PRT,2020-04-05,2654,2185,2179,2225,2071,2354,2097
Portugal,PRT,2020-04-12,2609,2108,1933,2166,2033,2276,2132
Portugal,PRT,2020-04-19,2388,2009,1937,1989,1825,2197,2096
Portugal,PRT,2020-04-26,2311,1989,1816,2025,1902,2117,2084
Portugal,PRT,2020-05-03,2173,1975,1819,1954,2011,2012,2081
Portugal,PRT,2020-05-10,2170,1919,1941,1849,1846,1970,1988
Portugal,PRT,2020-05-17,2056,1957,1911,2045,1833,2066,1931
Portugal,PRT,2020-05-24,2068,1917,1791,1971,1922,1982,1919
Portugal,PRT,2020-05-31,2332,1916,1950,1983,1815,1883,1948
Portugal,PRT,2020-06-07,2022,1879,1847,1906,1826,1977,1841
Portugal,PRT,2020-06-14,1870,1874,1799,1799,1969,1928,1873
Portugal,PRT,2020-06-21,1940,1984,1845,1916,2139,2104,1916
Portugal,PRT,2020-06-28,2120,1852,1727,1893,1784,1936,1919
Portugal,PRT,2020-07-05,2056,1811,1697,1913,1796,1765,1882
Portugal,PRT,2020-07-12,2226,1843,1805,1934,1806,1771,1898
Portugal,PRT,2020-07-19,2644,1835,1790,1958,1790,1816,1821
Portugal,PRT,2020-07-26,2435,1854,1751,2054,1799,1824,1841
Portugal,PRT,2020-08-02,2211,1902,1792,1864,1759,2250,1843
Portugal,PRT,2020-08-09,2082,1936,1811,2091,1739,2199,1838
Portugal,PRT,2020-08-16,1926,1821,1738,1879,1781,1939,1769
Portugal,PRT,2020-08-23,2004,1912,1787,1914,1960,1960,1938
Portugal,PRT,2020-08-30,2062,1790,1722,1873,1711,1766,1880
Portugal,PRT,2020-09-06,2055,1844,1803,1864,1783,1837,1933
Portugal,PRT,2020-09-13,2227,1787,1821,1707,1801,1796,1808
Portugal,PRT,2020-09-20,2110,1819,1699,1835,1793,1867,1899
Scotland,,2020-01-05,1161,1276,1146,1394,1205,1531,1104
Scotland,,2020-01-12,1567,1560,1708,1305,1379,1899,1507
Scotland,,2020-01-19,1322,1382,1489,1215,1224,1629,1353
Scotland,,2020-01-26,1226,1317,1381,1187,1197,1610,1208
Scotland,,2020-02-02,1188,1280,1286,1205,1332,1369,1206
Scotland,,2020-02-09,1216,1254,1344,1217,1200,1265,1243
Scotland,,2020-02-16,1162,1259,1360,1209,1231,1315,1181
Scotland,,2020-02-23,1162,1247,1320,1239,1185,1245,1245
Scotland,,2020-03-01,1171,1165,1308,1150,1219,1022,1125
Scotland,,2020-03-08,1208,1229,1192,1174,1146,1475,1156
Scotland,,2020-03-15,1198,1169,1201,1175,1141,1220,1108
Scotland,,2020-03-22,1196,1120,1149,1042,1152,1158,1101
Scotland,,2020-03-29,1079,1118,1171,1172,1112,1050,1086
Scotland,,2020-04-05,1744,1098,1042,1166,1060,1192,1032
Scotland,,2020-04-12,1978,1100,1192,1048,998,1192,1069
Scotland,,2020-04-19,1916,1067,1095,1092,1111,1136,902
Scotland,,2020-04-26,1836,1087,1108,1076,1121,1008,1121
Scotland,,2020-05-03,1679,1079,1117,1006,1050,1093,1131
Scotland,,2020-05-10,1435,1034,1020,1047,1119,967,1018
Scotland,,2020-05-17,1421,1064,1103,1010,1115,977,1115
Scotland,,2020-05-24,1226,1045,1039,994,1063,1070,1061
Scotland,,2020-05-31,1128,1017,1043,999,1015,998,1029
Scotland,,2020-06-07,1093,1056,1106,1023,1076,1033,1042
Scotland,,2020-06-14,1034,1000,1038,988,1031,915,1028
Scotland,,2020-06-21,1065,1019,1025,994,1032,993,1053
Scotland,,2020-06-28,1008,1026,1032,1007,994,1046,1051
Scotland,,2020-07-05,983,1018,1040,988,1040,1041,981
Scotland,,2020-07-12,976,1025,1011,1022,1014,1002,1077
Scotland,,2020-07-19,1033,996,1023,1041,1025,928,964
Scotland,,2020-07-26,961,977,956,979,978,933,1041
Scotland,,2020-08-02,1043,994,985,987,1011,969,1020
Scotland,,2020-08-09,1011,1003,1043,997,1002,953,1018
Scotland,,2020-08-16,922,992,969,982,1004,978,1028
Scotland,,2020-08-23,1046,999,982,1017,1045,941,1011
Scotland,,2020-08-30,1029,983,954,1039,980,930,1013
Scotland,,2020-09-06,1050,988,977,1007,1006,970,980
Scotland,,2020-09-13,1069,1008,991,983,972,1020,1074
Scotland,,2020-09-20,952,1007,1001,966,1049,946,1071
Scotland,,2020-09-27,933,1046,1010,1009,1056,1015,1142
Slovakia,SVK,2020-01-05,1090,1159,1112,1072,1411,1094,1105
Slovakia,SVK,2020-01-12,1102,1158,1187,948,1410,1150,1094
Slovakia,SVK,2020-01-19,1082,1200,1210,1026,1390,1198,1176
Slovakia,SVK,2020-01-26,1102,1160,1235,982,1355,1095,1135
Slovakia,SVK,2020-02-02,1152,1221,1292,1045,1339,1205,1224
Slovakia,SVK,2020-02-09,1096,1193,1226,1041,1202,1159,1339
Slovakia,SVK,2020-02-16,1177,1188,1275,1051,1224,1140,1252
Slovakia,SVK,2020-02-23,1084,1190,1266,1023,1115,1292,1254
Slovakia,SVK,2020-03-01,1147,1192,1235,1003,1159,1353,1208
Slovakia,SVK,2020-03-08,1120,1146,1164,1009,1002,1357,1200
Slovakia,SVK,2020-03-15,1112,1102,1186,1032,1016,1165,1110
Slovakia,SVK,2020-03-22,1185,1080,1102,1026,1092,1111,1068
Slovakia,SVK,2020-03-29,1049,1051,1088,999,1017,1128,1025
Slovakia,SVK,2020-04-05,1077,1016,1037,1017,989,1051,986
Slovakia,SVK,2020-04-12,993,1046,1090,971,1024,1070,1073
Slovakia,SVK,2020-04-19,953,1005,1078,1010,1008,944,984
Slovakia,SVK,2020-04-26,972,1009,1062,988,1023,906,1065
Slovakia,SVK,2020-05-03,963,979,980,1019,955,963,979
Slovakia,SVK,2020-05-10,990,954,958,988,919,952,955
Slovakia,SVK,2020-05-17,972,944,915,934,925,1004,943
Slovakia,SVK,2020-05-24,946,961,975,1004,916,986,922
Slovakia,SVK,2020-05-31,900,954,926,984,949,985,924
Slovakia,SVK,2020-06-07,951,922,1017,885,858,922,929
Slovakia,SVK,2020-06-14,965,972,1004,898,918,955,1086
Slovakia,SVK,2020-06-21,893,955,910,1056,923,891,996
Slovakia,SVK,2020-06-28,923,927,911,899,977,922,924
Slovakia,SVK,2020-07-05,965,937,1007,909,915,946,910
Slovakia,SVK,2020-07-12,958,942,1006,958,900,970,876
Slovakia,SVK,2020-07-19,932,948,920,937,969,969,947
Slovakia,SVK,2020-07-26,942,1023,1131,933,948,1080,1025
Slovakia,SVK,2020-08-02,949,976,861,904,1064,1110,941
Slovakia,SVK,2020-08-09,1000,964,1025,874,990,991,941
Slovakia,SVK,2020-08-16,904,961,1120,937,958,931,858
Slovenia,SVN,2020-01-05,419,442,408,451,479,401,469
Slovenia,SVN,2020-01-12,426,456,407,439,536,411,488
Slovenia,SVN,2020-01-19,429,466,453,411,586,398,481
Slovenia,SVN,2020-01-26,454,475,449,457,569,425,477
Slovenia,SVN,2020-02-02,474,487,432,434,599,457,515
Slovenia,SVN,2020-02-09,447,459,420,426,523,419,507
Slovenia,SVN,2020-02-16,499,462,459,421,466,490,474
Slovenia,SVN,2020-02-23,439,453,446,406,459,476,480
Slovenia,SVN,2020-03-01,430,460,449,427,439,512,471
Slovenia,SVN,2020-03-08,422,409,384,416,369,465,411
Slovenia,SVN,2020-03-15,434,439,453,411,397,479,457
Slovenia,SVN,2020-03-22,442,418,417,388,418,443,426
Slovenia,SVN,2020-03-29,388,425,460,441,413,431,381
Slovenia,SVN,2020-04-05,381,401,444,373,357,421,412
Slovenia,SVN,2020-04-12,423,369,423,339,348,390,344
Slovenia,SVN,2020-04-19,433,399,420,399,385,390,402
Slovenia,SVN,2020-04-26,391,380,388,351,371,400,388
Slovenia,SVN,2020-05-03,355,364,387,367,355,345,367
Slovenia,SVN,2020-05-10,380,361,362,358,358,367,358
Slovenia,SVN,2020-05-17,353,355,327,346,360,348,393
Slovenia,SVN,2020-05-24,404,354,318,355,347,353,395
Slovenia,SVN,2020-05-31,327,350,333,334,371,366,344
Slovenia,SVN,2020-06-07,343,346,364,347,348,360,313
Slovenia,SVN,2020-06-14,376,340,325,348,342,338,345
Slovenia,SVN,2020-06-21,373,345,323,335,348,354,367
Slovenia,SVN,2020-06-28,406,325,310,334,334,317,331
Slovenia,SVN,2020-07-05,369,354,384,347,369,322,349
Slovenia,SVN,2020-07-12,324,344,377,370,328,318,327
Slovenia,SVN,2020-07-19,347,354,381,312,354,374,351
Slovenia,SVN,2020-07-26,365,367,393,342,328,364,407
Slovenia,SVN,2020-08-02,386,352,332,319,347,399,364
Slovenia,SVN,2020-08-09,366,350,333,326,319,390,380
Slovenia,SVN,2020-08-16,389,353,373,355,354,337,345
South Korea,KOR,2020-01-05,6424,6090,5699,5500,5958,7000,6292
South Korea,KOR,2020-01-12,6297,6125,5622,5569,5891,7135,6410
South Korea,KOR,2020-01-19,6373,6087,5551,5595,5751,7370,6169
South Korea,KOR,2020-01-26,6458,6010,5601,5659,5720,7014,6056
South Korea,KOR,2020-02-02,6411,6014,5588,5717,6003,6888,5876
South Korea,KOR,2020-02-09,6409,5854,5617,5915,5718,6392,5628
South Korea,KOR,2020-02-16,6137,5855,5738,6053,5720,6094,5672
South Korea,KOR,2020-02-23,5950,5901,5784,6028,5636,6211,5844
South Korea,KOR,2020-03-01,5987,5870,6070,6105,5554,5938,5683
South Korea,KOR,2020-03-08,5933,5798,6090,5679,5440,5940,5840
South Korea,KOR,2020-03-15,5905,5716,6050,5653,5625,5739,5511
South Korea,KOR,2020-03-22,5823,5612,6040,5550,5342,5508,5622
South Korea,KOR,2020-03-29,5682,5595,5778,5522,5425,5560,5690
South Korea,KOR,2020-04-05,5610,5601,5801,5456,5550,5573,5627
South Korea,KOR,2020-04-12,5836,5448,5545,5173,5295,5632,5593
South Korea,KOR,2020-04-19,5713,5517,5380,5408,5475,5621,5702
South Korea,KOR,2020-04-26,5539,5365,5453,5195,5338,5471,5370
South Korea,KOR,2020-05-03,5942,5466,5481,5379,5502,5519,5447
South Korea,KOR,2020-05-10,5499,5353,5129,5236,5312,5477,5612
South Korea,KOR,2020-05-17,5402,5373,5202,5166,5285,5451,5762
South Korea,KOR,2020-05-24,5460,5269,5069,5209,5327,5312,5427
South Korea,KOR,2020-05-31,5343,5312,5242,5014,5334,5436,5536
South Korea,KOR,2020-06-07,5594,5187,5129,4943,5023,5439,5401
South Korea,KOR,2020-06-14,5483,5126,4942,4961,5190,5208,5329
South Korea,KOR,2020-06-21,5385,5170,5067,4993,5191,5220,5381
South Korea,KOR,2020-06-28,5356,5113,4868,5027,5042,5196,5434
South Korea,KOR,2020-07-05,5347,5094,4947,4883,5045,5233,5363
South Korea,KOR,2020-07-12,5125,5053,4943,5033,4884,5237,5170
South Korea,KOR,2020-07-19,5339,5045,4809,4834,4966,5482,5136
South Korea,KOR,2020-07-26,5402,5173,4732,5166,5138,5539,5289
South Korea,KOR,2020-08-02,5336,5269,5005,4899,5252,5843,5346
Spain,ESP,2020-01-05,8904,9864,9605,8658,10726,11204,9127
Spain,ESP,2020-01-12,9615,10285,10415,8671,11414,10905,10019
Spain,ESP,2020-01-19,10109,10463,10738,8791,11334,10981,10473
Spain,ESP,2020-01-26,9607,10130,10625,8491,11068,10324,10141
Spain,ESP,2020-02-02,9647,10000,11046,8461,10636,9893,9964
Spain,ESP,2020-02-09,9400,9718,10682,8556,9660,10015,9676
Spain,ESP,2020-02-16,8986,9563,10857,8479,9017,10105,9357
Spain,ESP,2020-02-23,8510,9357,10580,8670,8670,9656,9210
Spain,ESP,2020-03-01,7998,9118,10058,8645,8371,9599,8919
Spain,ESP,2020-03-08,8650,8816,9421,8653,8213,9203,8588
Spain,ESP,2020-03-15,9281,8513,8785,8811,7906,8862,8202
Spain,ESP,2020-03-22,12675,8237,8379,8291,7875,8616,8022
Spain,ESP,2020-03-29,19220,8273,8366,8375,7827,8628,8169
Spain,ESP,2020-04-05,20656,8118,8282,7998,7814,8414,8081
Spain,ESP,2020-04-12,17230,7987,7894,7859,7800,8335,8049
Spain,ESP,2020-04-19,13131,7786,7855,7589,7574,8112,7802
Spain,ESP,2020-04-26,10345,7683,7802,7462,7661,7735,7754
Spain,ESP,2020-05-03,8833,7518,7365,7606,7520,7359,7742
Spain,ESP,2020-05-10,8591,7556,7464,7374,7622,7595,7726
Spain,ESP,2020-05-17,7590,7523,7543,7533,7494,7511,7535
Spain,ESP,2020-05-24,7659,7432,7234,7304,7666,7527,7429
Spain,ESP,2020-05-31,7216,7274,7096,7255,7092,7306,7619
Spain,ESP,2020-06-07,7211,7326,7364,7576,7067,7109,7512
Spain,ESP,2020-06-14,6946,7255,7152,7140,7819,7154,7010
Spain,ESP,2020-06-21,7158,7446,6956,7173,7991,7713,7399
Spain,ESP,2020-06-28,7642,7371,7111,7345,7137,7698,7566
Spain,ESP,2020-07-05,7746,7632,8146,7505,7156,7305,8048
Spain,ESP,2020-07-12,7846,7562,8351,7423,7214,7366,7457
Spain,ESP,2020-07-19,7713,7456,8164,7377,7259,7186,7293
Spain,ESP,2020-07-26,7924,7364,7798,7295,7110,7155,7461
Spain,ESP,2020-08-02,8623,7446,7349,7425,7596,7731,7128
Spain,ESP,2020-08-09,8526,7391,7219,7233,7186,8003,7313
Spain,ESP,2020-08-16,8281,7121,7075,7102,7118,7194,7117
Spain,ESP,2020-08-23,7993,7025,6801,7184,7219,7015,6908
Spain,ESP,2020-08-30,8041,6978,6954,7100,7013,6927,6894
Spain,ESP,2020-09-06,7880,6856,6603,7203,6680,6906,6890
Spain,ESP,2020-09-13,8156,6759,6660,6641,6730,6834,6928
Spain,ESP,2020-09-20,8301,6962,6617,6956,7091,7153,6994
Spain,ESP,2020-09-27,8236,7110,6898,7036,7367,7230,7019
Sweden,SWE,2020-01-05,1821,1975,1927,1860,2149,1998,1943
Sweden,SWE,2020-01-12,1891,1953,1966,1914,2122,1941,1820
Sweden,SWE,2020-01-19,1828,1947,1935,1958,2060,1945,1839
Sweden,SWE,2020-01-26,1730,1924,1946,2006,1910,1928,1828
Sweden,SWE,2020-02-02,1847,1887,1975,1909,1883,1854,1812
Sweden,SWE,2020-02-09,1727,1890,1868,1837,1881,1983,1882
Sweden,SWE,2020-02-16,1825,1927,2001,1838,2010,2024,1764
Sweden,SWE,2020-02-23,1776,1991,2107,1845,2069,2116,1820
Sweden,SWE,2020-03-01,1778,1977,2076,1861,1989,2187,1772
Sweden,SWE,2020-03-08,1826,1915,2041,1810,1830,2204,1690
Sweden,SWE,2020-03-15,1730,1900,1932,1800,1849,2089,1829
Sweden,SWE,2020-03-22,1864,1798,1874,1795,1692,1997,1632
Sweden,SWE,2020-03-29,2039,1821,1930,1778,1782,1948,1665
Sweden,SWE,2020-04-05,2382,1804,1834,1705,1794,1988,1698
Sweden,SWE,2020-04-12,2569,1747,1849,1773,1719,1782,1612
Sweden,SWE,2020-04-19,2525,1761,1844,1771,1768,1687,1736
Sweden,SWE,2020-04-26,2267,1695,1764,1604,1772,1639,1698
Sweden,SWE,2020-05-03,2238,1649,1656,1619,1696,1661,1613
Sweden,SWE,2020-05-10,2182,1637,1661,1586,1724,1572,1643
Sweden,SWE,2020-05-17,1987,1572,1668,1565,1584,1486,1557
Sweden,SWE,2020-05-24,1918,1562,1670,1550,1646,1460,1486
Sweden,SWE,2020-05-31,1656,1562,1627,1541,1620,1481,1541
Sweden,SWE,2020-06-07,1749,1537,1617,1462,1549,1513,1544
Sweden,SWE,2020-06-14,1721,1525,1609,1541,1590,1441,1444
Sweden,SWE,2020-06-21,1668,1536,1592,1573,1491,1500,1526
Sweden,SWE,2020-06-28,1669,1560,1525,1541,1587,1633,1512
Sweden,SWE,2020-07-05,1562,1579,1674,1549,1549,1588,1537
Sweden,SWE,2020-07-12,1570,1567,1560,1605,1525,1585,1558
Sweden,SWE,2020-07-19,1512,1573,1529,1616,1512,1724,1482
Sweden,SWE,2020-07-26,1535,1562,1538,1630,1484,1642,1514
Sweden,SWE,2020-08-02,1546,1582,1588,1574,1536,1723,1491
Sweden,SWE,2020-08-09,1570,1530,1524,1574,1552,1450,1548
Sweden,SWE,2020-08-16,1515,1528,1535,1567,1545,1505,1486
Sweden,SWE,2020-08-23,1575,1539,1563,1567,1527,1495,1542
Sweden,SWE,2020-08-30,1481,1588,1458,1686,1568,1584,1642
Sweden,SWE,2020-09-06,1511,1572,1648,1556,1596,1617,1441
Sweden,SWE,2020-09-13,1526,1551,1552,1536,1590,1516,1559
Sweden,SWE,2020-09-20,1502,1569,1566,1531,1562,1645,1540
Sweden,SWE,2020-09-27,1549,1593,1633,1601,1532,1553,1648
Switzerland,CHE,2020-01-05,1310,1469,1423,1340,1678,1561,1341
Switzerland,CHE,2020-01-12,1357,1480,1494,1243,1731,1541,1389
Switzerland,CHE,2020-01-19,1408,1489,1524,1323,1746,1494,1358
Switzerland,CHE,2020-01-26,1411,1458,1480,1351,1657,1397,1403
Switzerland,CHE,2020-02-02,1420,1467,1590,1345,1564,1397,1439
Switzerland,CHE,2020-02-09,1385,1502,1656,1340,1592,1441,1481
Switzerland,CHE,2020-02-16,1379,1507,1805,1313,1402,1458,1555
Switzerland,CHE,2020-02-23,1367,1508,1772,1380,1383,1478,1527
Switzerland,CHE,2020-03-01,1344,1521,1729,1320,1395,1636,1527
Switzerland,CHE,2020-03-08,1354,1447,1549,1355,1348,1532,1452
Switzerland,CHE,2020-03-15,1387,1388,1541,1278,1262,1482,1379
Switzerland,CHE,2020-03-22,1525,1340,1435,1294,1239,1380,1351
Switzerland,CHE,2020-03-29,1615,1283,1293,1269,1183,1348,1322
Switzerland,CHE,2020-04-05,1870,1300,1302,1242,1234,1339,1382
Switzerland,CHE,2020-04-12,1637,1235,1229,1224,1201,1300,1222
Switzerland,CHE,2020-04-19,1564,1228,1284,1139,1181,1229,1308
Switzerland,CHE,2020-04-26,1363,1199,1215,1175,1223,1147,1233
Switzerland,CHE,2020-05-03,1244,1228,1275,1172,1210,1226,1256
Switzerland,CHE,2020-05-10,1174,1196,1161,1149,1204,1200,1266
Switzerland,CHE,2020-05-17,1146,1174,1152,1176,1207,1117,1218
Switzerland,CHE,2020-05-24,1184,1207,1129,1227,1186,1223,1271
Switzerland,CHE,2020-05-31,1092,1156,1099,1150,1126,1159,1245
Switzerland,CHE,2020-06-07,1160,1162,1171,1104,1108,1178,1251
Switzerland,CHE,2020-06-14,1142,1138,1169,1113,1120,1119,1171
Switzerland,CHE,2020-06-21,1141,1174,1100,1237,1196,1127,1210
Switzerland,CHE,2020-06-28,1165,1192,1197,1172,1166,1181,1243
Switzerland,CHE,2020-07-05,1163,1191,1295,1092,1158,1152,1258
Switzerland,CHE,2020-07-12,1152,1182,1358,1164,1087,1078,1225
Switzerland,CHE,2020-07-19,1099,1222,1295,1235,1151,1223,1206
Switzerland,CHE,2020-07-26,1141,1192,1174,1181,1121,1222,1260
Switzerland,CHE,2020-08-02,1252,1171,1140,1113,1200,1264,1139
Switzerland,CHE,2020-08-09,1139,1165,1215,1150,1099,1222,1138
Switzerland,CHE,2020-08-16,1198,1164,1195,1166,1128,1187,1142
Switzerland,CHE,2020-08-23,1167,1177,1152,1131,1207,1145,1252
Switzerland,CHE,2020-08-30,1130,1165,1172,1137,1164,1206,1147
Switzerland,CHE,2020-09-06,1107,1168,1151,1184,1153,1178,1172
Switzerland,CHE,2020-09-13,1124,1192,1188,1103,1190,1230,1251
United States,USA,2020-01-05,59976,59860,59335,55784,59760,66129,58290
United States,USA,2020-01-12,60480,60813,61731,55523,60975,67491,58347
United States,USA,2020-01-19,59057,59686,61135,55178,59286,64641,58189
United States,USA,2020-01-26,58678,58575,58622,55602,58045,62777,57830
United States,USA,2020-02-02,58472,57936,57264,54891,58427,60972,58125
United States,USA,2020-02-09,59190,58203,57277,55103,59037,61107,58489
United States,USA,2020-02-16,58617,57671,56413,55781,58474,59774,57914
United States,USA,2020-02-23,58625,57027,56342,54862,58283,57790,57857
United States,USA,2020-03-01,59069,56677,55659,55871,57250,56690,57917
United States,USA,2020-03-08,59435,56977,55724,56106,57469,57089,58497
United States,USA,2020-03-15,58442,56115,55262,54452,56650,56317,57895
United States,USA,2020-03-22,58992,55759,54253,54660,57041,55758,57084
United States,USA,2020-03-29,62751,54877,53229,53879,55697,54913,56669
United States,USA,2020-04-05,71993,54818,52999,54059,55153,55285,56593
United States,USA,2020-04-12,78779,54346,52690,53484,54858,55223,55477
United States,USA,2020-04-19,76480,53507,52839,53144,53067,54031,54454
United States,USA,2020-04-26,73542,52655,51603,51020,53289,53719,53646
United States,USA,2020-05-03,68954,52617,51457,51266,52654,53734,53972
United States,USA,2020-05-10,66574,52037,51651,50992,51981,52101,53458
United States,USA,2020-05-17,64248,51554,50667,50461,52476,50617,53548
United States,USA,2020-05-24,61344,51074,49324,50487,50967,50923,53668
United States,USA,2020-05-31,59388,50883,49713,49706,51248,51037,52710
United States,USA,2020-06-07,58587,51097,49033,49914,51412,51998,53126
United States,USA,2020-06-14,57693,50890,49743,49906,50790,51383,52626
United States,USA,2020-06-21,57628,50644,49101,49617,51192,51043,52266
United States,USA,2020-06-28,58100,50488,49053,49743,50611,50851,52182
United States,USA,2020-07-05,59341,50773,49207,49695,50957,51681,52324
United States,USA,2020-07-12,61339,50322,48908,49632,49972,51188,51912
United States,USA,2020-07-19,62493,50165,49220,49266,50120,50604,51617
United States,USA,2020-07-26,63461,49894,48538,49690,49360,50267,51616
United States,USA,2020-08-02,63226,49966,48256,49501,50084,50633,51357
United States,USA,2020-08-09,62542,50062,47728,49734,50232,50963,51653
United States,USA,2020-08-16,61898,49838,47972,49806,50184,50295,50934
United States,USA,2020-08-23,59960,49773,48430,49502,49514,50453,50966
United States,USA,2020-08-30,57369,50118,48487,49573,50824,50600,51106
United States,USA,2020-09-06,55514,50363,48714,50066,50973,50292,51772